{
  "www.google.com": 46.144,
  "extensions": 11.977,
  "pcijjnaadfjbcdbakbjfcffohhkdkmhh": 21.913,
  "127.0.0.1": 182.08800000000022,
  "chat.deepseek.com": 61.989000000000004,
  "newtab": 3.3770000000000002,
  "chatgpt.com": 0.002,
  "web.telegram.org": 0.427,
  "www.codtechitsolutions.com": 8.575999999999999
}